{"cameraMode":{"drawMode":0,"name":"Shaded","section":"Shading Mode"},"sceneLighting":false,"audioPlay":false,"sceneViewState":{"showFog":true,"showMaterialUpdate":false,"showSkybox":true,"showFlares":true,"showImageEffects":true,"showParticleSystems":true},"in2DMode":false,"pivot":{"x":3.269887685775757,"y":0.020404815673828126,"z":0.40170854330062868},"rotation":{"x":0.7371872067451477,"y":4.248622786917622e-9,"z":2.5577409079602377e-9,"w":0.6756882071495056},"size":5.809543132781982,"orthographic":true}